price,size,bedrooms,age,style
66500,741,1,Between 11 and 20 years,Traditional
66000,741,11,Between 11 and 20 years,Traditional
68500,790,1,Between 11 and 20 years,Traditional
102000,2783,2,Between 11 and 20 years,Traditional
54000,1165,2,More than 20 years,Traditional
143000,2331,2,More than 20 years,Traditional
98900,1228,2,More than 20 years,Traditional
98350,1228,2,More than 20 years,Traditional
98847,1228,2,More than 20 years,Traditional
98900,1228,2,More than 20 years,Traditional
101313,1228,2,More than 20 years,Traditional
125000,1520,2,Between 11 and 20 years,Traditional
62500,1440,2,More than 20 years,Traditional
92000,1001,2,More than 20 years,Traditional
120000,1438,2,More than 20 years,Traditional
23000,956,2,More than 20 years,Traditional
22654,1080,2,More than 20 years,Traditional
95000,1745,2,More than 20 years,Traditional
64900,971,2,More than 20 years,Tradition
75000,1303,2,More than 20 years,Traditional
68000,1590,2,More than 20 years,Traditional
23000,933,2,More than 20 years,Traditional
40101,850,2,More than 20 years,Traditional
93000,2332,2,More than 20 years,Traditional
58500,1562,2,More than 20 years,Traditional
103500,1452,3,Between 11 and 20 years,Traditional
102565,2890,3,More than 20 years,Traditional
979,2419,3,Between 11 and 20 years,Traditional
99000,1808,3,Between 11 and 20 years,Traditional
82000,1396,3,More than 20 years,Traditional
171500,2216,3,Up to 5 years,Traditional
135900,1425,3,Between 11 and 20 years,Tradition
80001,2291,3,More than 20 years,Traditional
136000,2024,3,Up to 5 years,Traditional
167500,2560,3,Up to 5 years,Traditional
134000,2246,3,Up to 5 years,Traditional
270000,5814,3,More than 20 years,Traditional
315000,3835,3,More than 20 years,Traditional
207000,2870,3,Between 11 and 20 years,Traditional
197500,3128,3,More than 20 years,Traditional
335000,3060,3,More than 20 years,Traditional
219000,2918,3,More than 20 years,Traditional
189900,1936,3,More than 20 years,Traditional
79900,2610,3,More than 20 years,Traditional
123400,2446,3,More than 20 years,Traditional
123000,2590,3,More than 20 years,Traditional
130500,2910,3,More than 20 years,Traditional
128000,1304,3,More than 20 years,Traditional
68000,1342,3,More than 20 years,Traditional
62000,1090,3,More than 20 years,Traditional
124000,2989,3,More than 20 years,Traditional
50000,2191,3,More than 20 years,Traditional
89900,,3,More than 20 years,Traditional
125000,1912,3,More than 20 years,Traditional
147000,2126,3,More than 20 years,Traditional
246000,2666,3,More than 20 years,Traditional
76000,1286,3,More than 20 years,Traditional
135000,2135,3,More than 20 years,Traditional
85000,140,3,More than 20 years,Traditional
124900,2272,3,More than 20 years,Traditional
98900,1956,3,More than 20 years,Traditional
120000,1644,3,More than 20 years,Traditional
134000,2692,3,More than 20 years,Tradition
115495,2707,3,More than 20 years,Tradition
81900,1404,3,More than 20 years,Tradition
34000,1111,3,More than 20 years,Traditional
91500,1519,3,More than 20 years,Traditional
109200,2100,3,More than 20 years,Traditional
42000,1370,3,More than 20 years,Traditional
110000,1819,3,More than 20 years,Traditional
142000,2545,3,More than 20 years,Traditional
79900,1511,3,More than 20 years,Traditional
134900,2403,3,More than 20 years,Traditional
130000,2468,3,More than 20 years,Traditional
125000,2367,3,More than 20 years,Traditional
108000,2461,3,More than 20 years,Traditional
133000,2496,3,More than 20 years,Traditional
126000,2301,3,More than 20 years,Traditional
121900,2200,3,More than 20 years,Traditional
116000,,3,More than 20 years,Traditional
135000,2876,3,More than 20 years,Traditional
150000,2523,3,More than 20 years,Traditional
136400,2534,3,More than 20 years,Traditional
97500,1790,3,More than 20 years,Traditional
141000,2703,3,More than 20 years,Traditional
185000,2495,3,Between 11 and 20 years,Traditional
127000,2009,3,More than 20 years,Traditional
290000,2824,3,More than 20 years,Traditional
95700,1485,3,More than 20 years,Traditional
139900,3266,3,More than 20 years,Traditional
97500,1358,3,More than 20 years,Traditional
90900,1337,3,More than 20 years,Traditional
72500,1411,3,More than 20 years,Traditional
137500,1965,3,More than 20 years,Traditional
116000,1843,3,Between 11 and 20 years,Traditional
121500,1897,3,Between 11 and 20 years,Traditional
149900,2486,3,Between 11 and 20 years,Traditional
99000,1467,3,Between 11 and 20 years,Traditional
100000,1453,3,Between 11 and 20 years,Traditional
208000,3157,3,Between 11 and 20 years,Traditional
130000,1296,3,Between 11 and 20 years,Traditional
102500,1800,3,More than 20 years,Traditional
190000,3264,3,Between 11 and 20 years,Traditional
119400,1996,3,Between 11 and 20 years,Traditional
212500,3453,3,Between 11 and 20 years,Traditional
263000,3682,3,Between 11 and 20 years,Traditional
125000,1879,3,Between 11 and 20 years,Traditional
125000,2071,3,Between 11 and 20 years,Traditional
206500,2132,3,Between 11 and 20 years,Traditional
117500,1979,3,Between 6 and 10 years,Traditional
175000,2469,3,Between 6 and 10 years,Traditional
192500,2681,3,Between 6 and 10 years,Traditional
111900,1615,3,Between 6 and 10 years,Traditional
260000,3052,3,Between 6 and 10 years,Traditional
95000,2332,33,Between 6 and 10 years,Traditional
188000,3125,3,Between 6 and 10 years,Traditional
138900,2083,3,Between 6 and 10 years,Traditional
163000,2207,3,Between 6 and 10 years,Traditional
115000,2007,3,Between 6 and 10 years,Traditional
142900,1995,3,Between 6 and 10 years,Traditional
168500,2201,3,Between 6 and 10 years,Traditional
146000,2128,,Between 6 and 10 years,Traditional
106000,1843,3,Between 6 and 10 years,Traditional
124400,1848,3,Between 6 and 10 years,Traditional
124000,1372,3,Between 6 and 10 years,Traditional
177500,2636,3,Between 6 and 10 years,Traditional
149900,2228,3,Up to 5 years,Traditional
161500,2302,3,Between 6 and 10 years,Traditional
142900,1992,3,Between 6 and 10 years,Traditional
161900,2415,3,Up to 5 years,Traditional
100900,1514,3,Between 6 and 10 years,Traditional
146400,2444,3,Between 6 and 10 years,Traditional
113700,2016,3,Up to 5 years,Traditional
171000,1588,3,Up to 5 years,Traditional
168000,2325,3,Up to 5 years,Traditional
149000,2135,3,Up to 5 years,Traditional
125000,1882,3,Up to 5 years,Traditional
75000,1617,3,Up to 5 years,Traditional
125000,2127,3,Up to 5 years,Traditional
130900,2062,3,Up to 5 years,Traditional
109500,1970,3,Up to 5 years,Traditional
103900,1716,3,Up to 5 years,Traditional
127800,2131,3,Up to 5 years,Traditional
219000,2200,3,Up to 5 years,Traditional
110050,2084,3,Up to 5 years,Traditional
206000,2342,3,Up to 5 years,Traditional
95000,1741,3,Up to 5 years,Traditional
122000,2044,3,Up to 5 years,Traditional
214000,3041,3,Up to 5 years,Traditional
115900,1700,3,Up to 5 years,Traditional
122900,2312,3,Up to 5 years,Traditional
129900,2072,3,Up to 5 years,Traditional
155536,2348,3,Up to 5 years,Traditional
169900,2342,3,Up to 5 years,Traditional
153900,2522,3,Up to 5 years,Traditional
107900,1707,3,Up to 5 years,Traditional
131000,2122,3,Up to 5 years,Traditional
114500,2103,3,Up to 5 years,Traditional
114900,1805,3,Up to 5 years,Traditional
130000,1980,3,Up to 5 years,Traditional
135500,2122,3,Up to 5 years,Traditional
157900,2462,3,Up to 5 years,Traditional
161000,2420,3,Up to 5 years,Traditional
124900,1840,3,Up to 5 years,Traditional
120000,1864,3,Up to 5 years,Traditional
124175,1864,3,Up to 5 years,Traditional
165900,2174,3,Up to 5 years,Traditional
207255,2135,3,Up to 5 years,Traditional
252900,2977,3,Up to 5 years,Traditional
226900,2879,3,Up to 5 years,Traditional
132000,1873,3,Up to 5 years,Traditional
124900,1921,3,Up to 5 years,Traditional
135900,1405,3,Up to 5 years,Traditional
158000,2376,3,Up to 5 years,Traditional
154650,2211,3,Up to 5 years,Traditional
188900,2813,3,Between 11 and 20 years,Traditional
175000,2076,3,Up to 5 years,Traditional
162900,2010,3,Up to 5 years,Traditional
115900,2554,3,More than 20 years,Traditional
109000,2145,3,More than 20 years,Traditional
110000,1806,3,Between 11 and 20 years,Traditional
100300,1745,3,More than 20 years,Traditional
126900,2623,3,More than 20 years,Traditional
92000,1401,3,More than 20 years,Traditional
98400,2037,3,More than 20 years,Traditional
66000,1589,3,More than 20 years,Traditional
93300,1501,3,More than 20 years,Traditional
89000,1588,3,More than 20 years,Traditional
97500,1584,3,More than 20 years,Traditional
110000,1945,3,More than 20 years,Traditional
113000,2166,3,More than 20 years,Traditional
99900,1495,3,More than 20 years,Traditional
98500,2296,3,More than 20 years,Traditional
105000,1927,3,More than 20 years,Traditional
112000,1964,3,More than 20 years,Traditional
116300,2773,3,More than 20 years,Traditional
119000,2113,3,More than 20 years,Traditional
143000,2452,3,Between 11 and 20 years,Traditional
116000,2303,3,More than 20 years,Traditional
186000,2940,3,More than 20 years,Traditional
142500,2247,3,Between 6 and 10 years,Traditional
138500,1541,3,Between 11 and 20 years,Traditional
149500,2712,3,More than 20 years,Traditional
106000,1510,3,Between 11 and 20 years,Traditional
111500,2212,3,Between 11 and 20 years,Traditional
144500,1548,3,Between 6 and 10 years,Traditional
120500,2055,3,More than 20 years,Traditional
109900,1860,3,More than 20 years,Traditional
109500,1989,3,Between 11 and 20 years,Traditional
119000,1350,3,Between 6 and 10 years,Traditional
103000,2447,3,More than 20 years,Traditional
139900,2800,3,More than 20 years,Traditional
144000,2389,3,Between 11 and 20 years,Traditional
151900,3624,3,More than 20 years,Traditional
112400,2388,3,More than 20 years,Traditional
119900,2490,3,More than 20 years,Traditional
138000,2481,3,More than 20 years,Traditional
137000,2681,3,More than 20 years,Traditional
127000,2412,3,More than 20 years,Traditional
118830,2130,3,More than 20 years,Traditional
75000,2294,3,More than 20 years,Traditional
82300,1231,3,More than 20 years,Traditional
115000,2205,3,More than 20 years,Traditional
129000,2701,3,More than 20 years,Traditional
98300,1887,3,More than 20 years,Traditional
60000,876,3,More than 20 years,Traditional
119900,2645,3,More than 20 years,Traditional
119500,2482,3,More than 20 years,Traditional
127000,2011,3,More than 20 years,Traditional
85000,1421,3,More than 20 years,Traditional
98500,1460,3,More than 20 years,Traditional
89000,1591,3,More than 20 years,Traditional
103000,2827,3,More than 20 years,Traditional
110000,2005,3,More than 20 years,Traditional
103000,3153,3,More than 20 years,Traditional
119900,2282,3,More than 20 years,Traditional
134000,2086,3,Up to 5 years,Traditional
80000,2120,3,More than 20 years,Traditional
41500,1015,3,More than 20 years,Traditional
67500,1321,3,More than 20 years,Traditional
77500,1330,3,More than 20 years,Traditional
70500,1376,3,More than 20 years,Tradition
87000,1974,3,More than 20 years,Tradition
59895,1865,3,More than 20 years,Tradition
42000,1489,3,More than 20 years,Traditional
124900,2917,3,More than 20 years,Traditional
85000,1562,3,More than 20 years,Traditional
57000,1393,3,More than 20 years,Traditional
93000,1963,3,More than 20 years,Traditional
186900,2678,3,Between 6 and 10 years,Traditional
122000,1889,3,More than 20 years,Traditional
132000,2156,3,More than 20 years,Traditional
135000,3029,3,More than 20 years,Traditional
103500,1483,3,Between 11 and 20 years,Traditional
102500,2196,3,More than 20 years,Traditional
125000,2430,3,More than 20 years,Traditional
130000,2051,3,More than 20 years,Traditional
137900,1595,3,More than 20 years,Traditional
72500,1203,3,More than 20 years,Traditional
138900,2360,3,Between 11 and 20 years,Traditional
109900,1858,3,More than 20 years,Traditional
224900,3555,3,More than 20 years,Traditional
114000,1896,3,Up to 5 years,Traditional
152500,1765,3,More than 20 years,Traditional
148500,2135,3,More than 20 years,Traditional
119000,1389,3,More than 20 years,Traditional
132500,1296,3,Between 11 and 20 years,Traditional
287500,2087,3,More than 20 years,Traditional
190000,2628,3,More than 20 years,Traditional
172500,3310,3,More than 20 years,Traditional
105000,2200,3,More than 20 years,Traditional
61500,1763,3,More than 20 years,Traditional
148000,3027,3,More than 20 years,Traditional
94900,2466,3,More than 20 years,Traditional
63000,2292,3,More than 20 years,Traditional
65500,1277,3,Up to 5 years,Traditional
87000,1377,3,More than 20 years,Traditional
149000,2876,3,More than 20 years,Traditional
120000,3329,3,More than 20 years,Traditional
60000,1131,3,More than 20 years,Traditional
57500,1847,3,More than 20 years,Traditional
66000,1236,3,More than 20 years,Traditional
69900,1837,3,More than 20 years,Traditional
82900,1400,3,More than 20 years,Traditional
45900,1801,3,More than 20 years,Traditional
55500,810,3,More than 20 years,Traditional
33000,1579,3,More than 20 years,Traditional
52900,1482,3,More than 20 years,Traditional
31000,1590,3,More than 20 years,Traditional
95000,2041,3,More than 20 years,Traditional
140000,2238,3,Between 11 and 20 years,Traditional
120459,1590,3,More than 20 years,Traditional
70300,1380,3,Between 6 and 10 years,Traditional
142900,1668,3,Between 11 and 20 years,Traditional
35000,1714,3,More than 20 years,Traditional
165000,1965,3,More than 20 years,Traditional
78000,1916,3,More than 20 years,Traditional
128000,1958,3,Up to 5 years,Traditional
60000,1383,3,More than 20 years,Traditional
144500,2026,3,Up to 5 years,Traditional
169900,2595,3,Between 6 and 10 years,Traditional
127000,1862,3,Between 6 and 10 years,Traditional
143000,1613,3,Between 6 and 10 years,Traditional
153000,1668,3,Between 6 and 10 years,Traditional
170000,2477,3,Between 6 and 10 years,Traditional
172000,2268,3,Between 6 and 10 years,Traditional
112900,2090,3,Between 11 and 20 years,Traditional
176900,2374,3,Up to 5 years,Traditional
130000,2353,3,Between 11 and 20 years,Traditional
64000,1811,,Between 6 and 10 years,Traditional
63000,1386,3,More than 20 years,Traditional
36000,900,3,More than 20 years,Traditional
62500,1763,3,More than 20 years,Traditional
63000,1800,3,More than 20 years,Traditional
146000,1810,3,More than 20 years,Traditional
95000,1801,3,More than 20 years,Traditional
93900,1500,3,More than 20 years,Traditional
22000,1414,3,More than 20 years,Traditional
114000,3299,3,More than 20 years,Traditional
143000,2136,3,Between 6 and 10 years,Traditional
113000,1696,3,Up to 5 years,Traditional
155000,1757,3,Between 6 and 10 years,Traditional
135000,1914,3,Up to 5 years,Traditional
128000,2134,3,Up to 5 years,Traditional
128900,1851,3,Between 6 and 10 years,Traditional
103000,2246,3,More than 20 years,Traditional
168000,1601,3,Up to 5 years,Traditional
109275,1150,3,Up to 5 years,Traditional
92000,1346,3,Between 11 and 20 years,Traditional
117000,2320,3,More than 20 years,Traditional
146715,2467,3,Up to 5 years,Traditional
150900,2458,3,Up to 5 years,Traditional
154650,2459,3,Up to 5 years,Traditional
157500,2458,3,Up to 5 years,Traditional
165330,2459,3,Up to 5 years,Traditional
62241,1615,3,More than 20 years,Traditional
129000,2379,3,Up to 5 years,Traditional
287500,4033,3,More than 20 years,Traditional
84500,1162,3,More than 20 years,Traditional
118000,2798,3,More than 20 years,Traditional
131900,2226,3,Between 6 and 10 years,Traditional
120500,1977,3,Up to 5 years,Traditional
137500,1937,3,Up to 5 years,Traditional
79900,1009,3,More than 20 years,Traditional
114000,1937,3,Up to 5 years,Traditional
118000,1933,3,Up to 5 years,Traditional
91500,1341,3,Between 11 and 20 years,Traditional
75000,1594,3,More than 20 years,Traditional
80000,1183,3,Between 11 and 20 years,Traditional
103100,1772,,Up to 5 years,Traditional
113400,1960,3,Up to 5 years,Traditional
122700,2087,3,Up to 5 years,Traditional
126600,2348,3,Up to 5 years,Traditional
126600,2348,3,Up to 5 years,Traditional
102800,1670,3,Up to 5 years,Traditional
111800,1937,3,Up to 5 years,Traditional
111900,1933,3,Up to 5 years,Traditional
113500,1960,3,Up to 5 years,Traditional
114500,1933,3,Up to 5 years,Traditional
121300,1977,3,Up to 5 years,Traditional
123200,2087,3,Up to 5 years,Traditional
123800,2105,3,Up to 5 years,Traditional
128600,2182,3,Up to 5 years,Traditional
129800,2348,3,Up to 5 years,Traditional
129800,2348,3,Up to 5 years,Traditional
129900,2348,3,Up to 5 years,Traditional
131800,2379,3,Up to 5 years,Traditional
132600,2348,3,Up to 5 years,Traditional
133400,2348,3,Up to 5 years,Traditional
157900,2827,3,Up to 5 years,Traditional
115000,2447,3,More than 20 years,Traditional
67500,2419,3,More than 20 years,Traditional
100000,1556,3,Up to 5 years,Traditional
109300,1886,3,Up to 5 years,Traditional
128200,2379,3,Up to 5 years,Traditional
122100,2087,3,Up to 5 years,Traditional
110800,1937,3,Up to 5 years,Traditional
111900,1933,3,Up to 5 years,Traditional
113100,1933,3,Up to 5 years,Traditional
129400,2182,3,Up to 5 years,Traditional
104000,2095,3,More than 20 years,Traditional
80000,1486,3,More than 20 years,Traditional
103500,2565,3,Between 11 and 20 years,Traditional
72190,1349,3,More than 20 years,Traditional
98000,1680,3,More than 20 years,Traditional
85000,1300,3,More than 20 years,Traditional
86000,2037,3,More than 20 years,Traditional
210000,4046,3,More than 20 years,Traditional
86000,1418,3,More than 20 years,Traditional
102000,2376,3,More than 20 years,Traditional
45000,1130,3,More than 20 years,Traditional
89100,1917,3,Between 11 and 20 years,Traditional
60000,1336,3,More than 20 years,Traditional
72000,1394,3,Between 11 and 20 years,Traditional
89000,1358,3,Between 11 and 20 years,Traditional
51500,1700,3,More than 20 years,Traditional
76000,1433,3,More than 20 years,Traditional
76000,1178,3,More than 20 years,Tradition
73500,1266,3,More than 20 years,Traditional
112900,1215,3,Between 6 and 10 years,Traditional
116900,1910,3,Between 6 and 10 years,Traditional
121000,1952,3,Between 6 and 10 years,Traditional
122000,1308,3,Between 6 and 10 years,Traditional
114000,1744,3,Between 6 and 10 years,Traditional
118750,2215,3,Between 11 and 20 years,Traditional
98500,1152,3,Up to 5 years,Traditional
69000,1236,3,More than 20 years,Traditional
45000,1300,3,More than 20 years,Traditional
131000,2170,3,Between 11 and 20 years,Traditional
184300,3013,4,More than 20 years,Traditional
137500,2905,4,More than 20 years,Traditional
265000,4688,4,More than 20 years,Traditional
114000,2193,4,More than 20 years,Traditional
153000,2789,4,More than 20 years,Traditional
144000,2669,4,More than 20 years,Traditional
118500,2550,4,More than 20 years,Traditional
135000,2573,4,More than 20 years,Traditional
159900,,4,More than 20 years,Traditional
183500,3810,4,More than 20 years,Traditional
142900,2936,4,More than 20 years,Traditional
197000,3123,4,More than 20 years,Traditional
182500,3078,4,More than 20 years,Traditional
119900,2457,4,More than 20 years,Traditional
150000,2800,4,More than 20 years,Traditional
126000,1931,4,More than 20 years,Traditional
237000,4244,4,More than 20 years,Traditional
175000,2267,4,More than 20 years,Traditional
617000,5673,4,More than 20 years,Traditional
163000,2605,4,More than 20 years,Traditional
162000,3280,4,More than 20 years,Traditional
230000,5216,4,More than 20 years,Traditional
118000,2978,4,More than 20 years,Traditional
419900,5736,4,More than 20 years,Traditional
178000,2432,4,More than 20 years,Traditional
200000,3088,4,More than 20 years,Traditional
154000,3179,4,More than 20 years,Traditional
184700,3279,4,More than 20 years,Traditional
275000,4681,4,More than 20 years,Traditional
116500,2518,4,More than 20 years,Traditional
170000,3323,4,Between 11 and 20 years,Traditional
184000,3594,4,Between 11 and 20 years,Traditional
177000,2353,4,Between 11 and 20 years,Traditional
258000,4020,4,Between 11 and 20 years,Traditional
214000,3122,4,Between 11 and 20 years,Traditional
285500,3670,4,Between 11 and 20 years,Traditional
325000,3812,4,Between 11 and 20 years,Traditional
170000,2076,4,Between 11 and 20 years,Traditional
193500,3438,4,Between 11 and 20 years,Traditional
195500,2923,4,Between 11 and 20 years,Traditional
336000,4133,4,Between 11 and 20 years,Traditional
254000,,4,Between 6 and 10 years,Traditional
204000,3222,4,Between 6 and 10 years,Traditional
196900,2642,4,Between 6 and 10 years,Traditional
168000,2760,4,Between 6 and 10 years,Traditional
290000,4215,4,Between 6 and 10 years,Traditional
163500,2517,4,Between 6 and 10 years,Traditional
128000,2083,4,Between 6 and 10 years,Traditional
154000,2235,4,Up to 5 years,Traditional
255000,3251,4,Up to 5 years,Traditional
344900,3972,4,Up to 5 years,Traditional
302000,4255,4,Up to 5 years,Traditional
280000,3983,4,Up to 5 years,Traditional
355000,4325,4,Up to 5 years,Traditional
143900,2948,4,Up to 5 years,Traditional
187400,2226,4,Up to 5 years,Traditional
142000,2532,4,Up to 5 years,Traditional
392250,3535,4,Up to 5 years,Traditional
440000,4411,4,Up to 5 years,Traditional
229900,3060,4,Up to 5 years,Traditional
144500,2122,4,Up to 5 years,Tradition
142000,2280,4,Up to 5 years,Traditional
242900,2866,4,Up to 5 years,Traditional
221000,3039,4,Up to 5 years,Traditional
147000,2280,4,Up to 5 years,Traditional
318600,3600,4,Up to 5 years,Traditional
126900,1886,4,Up to 5 years,Traditional
286000,3010,4,Up to 5 years,Traditional
168075,2624,4,Up to 5 years,Traditional
268900,3557,4,Up to 5 years,Traditional
159850,2376,4,Up to 5 years,Traditional
126500,1954,4,Up to 5 years,Traditional
180000,3993,4,More than 20 years,Traditional
175000,3234,4,More than 20 years,Traditional
295000,3731,4,Between 11 and 20 years,Traditional
675000,5858,4,Between 6 and 10 years,Traditional
164900,2669,4,More than 20 years,Traditional
227500,3094,4,Between 6 and 10 years,Traditional
118900,1872,4,More than 20 years,Traditional
137800,2373,4,More than 20 years,Traditional
158000,3593,4,More than 20 years,Traditional
248900,3206,4,Between 11 and 20 years,Traditional
137900,3150,4,More than 20 years,Traditional
227500,3262,4,Between 6 and 10 years,Traditional
175000,2948,4,More than 20 years,Traditional
182500,3171,4,Between 11 and 20 years,Traditional
219900,3333,4,More than 20 years,Traditional
119637,2830,4,More than 20 years,Traditional
175000,3756,4,More than 20 years,Traditional
148900,2171,4,More than 20 years,Traditional
136000,2210,4,More than 20 years,Traditional
139900,4130,4,More than 20 years,Traditional
150000,3425,4,More than 20 years,Traditional
128900,2770,4,More than 20 years,Traditional
64900,1970,4,More than 20 years,Traditional
243900,2457,4,Between 11 and 20 years,Traditional
400000,3133,4,Between 6 and 10 years,Traditional
315000,2802,4,More than 20 years,Traditional
360000,6213,4,More than 20 years,Traditional
230000,3168,4,Between 6 and 10 years,Traditional
210000,4315,4,More than 20 years,Traditional
600000,6119,4,More than 20 years,Traditional
173000,2532,4,More than 20 years,Traditional
80000,2176,4,More than 20 years,Traditional
71000,1949,4,More than 20 years,Traditional
199000,2027,4,Between 6 and 10 years,Traditional
226000,3368,4,Up to 5 years,Traditional
133000,1976,4,More than 20 years,Traditional
85000,,4,More than 20 years,Traditional
240000,,4,Between 11 and 20 years,Traditional
225000,,4,Up to 5 years,Traditional
239900,,4,Up to 5 years,Traditional
178950,2350,4,Up to 5 years,Traditional
207249,3390,4,Up to 5 years,Traditional
167000,2696,4,Between 11 and 20 years,Traditional
246000,3370,4,Up to 5 years,Traditional
90000,2411,4,More than 20 years,Traditional
87500,1463,4,More than 20 years,Traditional
158900,2523,4,Up to 5 years,Traditional
159691,2502,4,Up to 5 years,Traditional
180221,2816,4,Up to 5 years,Traditional
181900,2985,4,Up to 5 years,Traditional
106500,2019,4,More than 20 years,Traditional
136900,2240,4,Up to 5 years,Traditional
174000,2768,4,Up to 5 years,Traditional
133400,2418,4,Up to 5 years,Traditional
134600,2418,4,Up to 5 years,Traditional
146000,2536,4,Up to 5 years,Traditional
152400,2842,4,Up to 5 years,Traditional
134300,2418,4,Up to 5 years,Traditional
120000,2222,4,More than 20 years,Traditional
134200,2418,4,Up to 5 years,Traditional
134600,2418,4,Up to 5 years,Traditional
135700,2418,4,Up to 5 years,Traditional
136200,2418,4,Up to 5 years,Traditional
136900,2418,4,Up to 5 years,Traditional
154600,2932,4,Up to 5 years,Traditional
154600,2932,4,Up to 5 years,Traditional
155615,2842,4,Up to 5 years,Traditional
164300,2980,4,Up to 5 years,Traditional
165800,2980,4,Up to 5 years,Traditional
189801,3382,4,Up to 5 years,Traditional
94900,1485,4,Up to 5 years,Traditional
133000,2418,4,Up to 5 years,Traditional
133800,2418,4,Up to 5 years,Traditional
133800,2418,4,Up to 5 years,Traditional
133800,2418,4,Up to 5 years,Traditional
133800,2418,4,Up to 5 years,Traditional
134900,2418,4,Up to 5 years,Traditional
139300,2536,4,Up to 5 years,Traditional
149100,2842,4,Up to 5 years,Traditional
149900,2842,4,Up to 5 years,Traditional
134900,2418,4,Up to 5 years,Traditional
138900,2536,4,Up to 5 years,Traditional
158900,2932,4,Up to 5 years,Traditional
160500,3040,4,Up to 5 years,Traditional
93000,1602,4,More than 20 years,Traditional
196900,2779,4,Up to 5 years,Traditional
138800,2536,4,Up to 5 years,Traditional
194900,3010,,Up to 5 years,Traditional
196900,2779,,Up to 5 years,Traditional
72500,1500,4,More than 20 years,Traditional
163600,2717,4,Up to 5 years,Traditional
209100,3456,4,Up to 5 years,Tradition
176700,3031,5,More than 20 years,Tradition
360000,5811,5,More than 20 years,Traditional
110000,2739,5,More than 20 years,Traditional
330000,4249,5,Between 6 and 10 years,Traditional
422900,4601,5,Between 6 and 10 years,Traditional
1007000,7099,5,Up to 5 years,Traditional
175900,3116,5,Up to 5 years,Traditional
425000,6194,6,Between 6 and 10 years,Traditional
125000,5803,8,More than 20 years,Traditional
101500,1910,2,More than 20 years,Town House
56000,1495,2,More than 20 years,Town House
60150,1210,2,Between 11 and 20 years,Town House
127000,1291,2,Between 6 and 10 years,Town House
149900,1310,2,Up to 5 years,Town House
149900,1408,2,Up to 5 years,Town House
94900,1088,2,Between 11 and 20 years,Town House
94900,1088,2,Between 11 and 20 years,Town House
94900,1088,2,Between 11 and 20 years,Town House
94900,1088,2,Between 11 and 20 years,Town House
94900,1088,2,Between 11 and 20 years,Town House
95900,1088,2,Between 11 and 20 years,Town House
95900,1088,2,Between 11 and 20 years,Town House
95900,1088,2,Between 11 and 20 years,Town House
95900,1088,2,Between 11 and 20 years,Town House
95900,1088,2,Between 11 and 20 years,Town House
95900,1088,2,Between 11 and 20 years,Town House
95900,1088,2,Between 11 and 20 years,Town House
95900,1088,2,Between 11 and 20 years,Town House
95900,1088,2,Between 11 and 20 years,Town House
95900,1088,2,Between 11 and 20 years,Town House
95900,1088,2,Between 11 and 20 years,Town House
95900,1088,2,Between 11 and 20 years,Town House
95900,1088,2,Between 11 and 20 years,Town House
95900,1088,2,Between 11 and 20 years,Town House
95900,1088,2,Between 11 and 20 years,Town House
95900,1088,2,Between 11 and 20 years,Town House
95900,1088,2,Between 11 and 20 years,Town House
95900,1088,2,Between 11 and 20 years,Town House
95900,1088,2,Between 11 and 20 years,Town House
95900,1088,2,Between 11 and 20 years,Town House
95900,1088,2,Between 11 and 20 years,Town-House
95900,1088,2,Between 11 and 20 years,Town-House
95900,1088,2,Between 11 and 20 years,Town-House
95900,1088,2,Between 11 and 20 years,Town-House
97900,1088,2,Between 11 and 20 years,Town-House
109900,1875,2,More than 20 years,Town-House
94900,1088,2,Between 11 and 20 years,TownHouse
94900,1088,2,Between 11 and 20 years,TownHouse
94900,1088,2,Between 11 and 20 years,TownHouse
94900,1088,2,Between 11 and 20 years,TownHouse
94900,1088,2,Between 11 and 20 years,Town House
95900,1088,2,Between 11 and 20 years,Town House
95900,1088,2,Between 11 and 20 years,Town House
95900,1088,2,Between 11 and 20 years,TownHouse
95900,1088,2,Between 11 and 20 years,Town House
95900,1088,2,Between 11 and 20 years,Town House
82500,1656,2,More than 20 years,Town House
140000,1976,2,Up to 5 years,Town House
74900,1734,2,Between 11 and 20 years,Town House
55000,1130,2,More than 20 years,Town House
59500,1160,2,Between 11 and 20 years,Town House
80500,1618,2,Between 11 and 20 years,Town House
64500,1243,2,More than 20 years,Town House
86000,1759,2,Between 11 and 20 years,Town House
100000,1241,2,More than 20 years,Town House
96300,1558,2,Between 11 and 20 years,Town House
90000,1628,2,More than 20 years,Town House
87000,1059,2,Between 11 and 20 years,Town House
92000,1565,2,Between 11 and 20 years,Town House
110000,1120,2,Between 11 and 20 years,Town House
102000,1172,2,Between 11 and 20 years,Town House
164900,1600,3,Up to 5 years,Town House
139900,2000,3,Up to 5 years,Town House
147000,2040,3,More than 20 years,Town House
150000,1900,3,More than 20 years,Town House
210000,2437,3,Between 6 and 10 years,Town House
130000,1980,3,Between 11 and 20 years,Town House
142000,2060,3,Between 11 and 20 years,Town House
249900,2788,3,Up to 5 years,Town House
89000,1612,2,More than 20 years,Others
105000,2070,2,Between 11 and 20 years,Others
69000,1457,3,Up to 5 years,Others
99000,2278,3,More than 20 years,Others
73000,1790,3,More than 20 years,Others
140000,1561,3,More than 20 years,Others
129500,2146,3,More than 20 years,Others
172900,2348,3,More than 20 years,Others
138500,1500,3,More than 20 years,Others
105000,2311,3,More than 20 years,Others
140000,2779,3,More than 20 years,Others
132000,2588,3,More than 20 years,Others
65000,1450,3,More than 20 years,Others
135000,3372,3,More than 20 years,Others
95000,1605,3,More than 20 years,Others
114000,2879,3,More than 20 years,Others
51000,1400,3,More than 20 years,Others
110500,1964,3,More than 20 years,Others
118000,2454,3,Between 11 and 20 years,Others
153500,2441,3,Between 6 and 10 years,Others
182000,1751,3,Up to 5 years,Others
165500,2181,3,Up to 5 years,Others
72200,1419,3,More than 20 years,Others
180000,2570,3,More than 20 years,Others
95000,2506,3,More than 20 years,Others
125000,1606,3,More than 20 years,Others
156900,2815,3,More than 20 years,Others
119900,2152,3,More than 20 years,Others
110000,2378,3,More than 20 years,Others
74900,1603,3,More than 20 years,Others
182500,3353,3,More than 20 years,Others
122000,3750,3,More than 20 years,Others
97000,2838,3,More than 20 years,Others
118000,2206,3,More than 20 years,Others
22000,1092,3,More than 20 years,Others
59900,2090,3,More than 20 years,Others
100000,1713,3,Between 11 and 20 years,Others
100200,1352,3,Between 11 and 20 years,Others
104600,2535,3,More than 20 years,Others
126000,1367,3,Up to 5 years,Others
82551,2561,4,More than 20 years,Others
121000,1517,4,More than 20 years,Others
78000,1396,4,More than 20 years,Others
158500,3242,4,More than 20 years,Others
101850,2255,4,More than 20 years,Others
169900,3212,4,More than 20 years,Others
148000,1901,4,Between 6 and 10 years,Others
107900,2796,4,More than 20 years,Others
149900,3040,4,More than 20 years,Others
157000,3550,4,More than 20 years,Others
154000,2663,4,More than 20 years,Others
150000,3182,4,More than 20 years,Others
40000,1494,4,Between 11 and 20 years,Others
82500,2277,4,More than 20 years,Others
160000,3303,5,More than 20 years,Others
169900,1943,2,Up to 5 years,Others
160000,2480,3,Between 11 and 20 years,Others
610000,4935,3,Between 6 and 10 years,Others
73000,915,3,More than 20 years,Others
75000,915,3,More than 20 years,Others
75000,915,3,More than 20 years,Others
99000,1200,3,More than 20 years,Others
99000,1200,3,More than 20 years,Others
369900,4834,4,Up to 5 years,Others
442500,4925,4,More than 20 years,Others
205900,3577,4,More than 20 years,Others
540000,5138,4,Between 6 and 10 years,Others
735000,5582,4,Between 11 and 20 years,Others
74000,1200,2,Between 11 and 20 years,Others
94000,1913,2,More than 20 years,Others
116000,1395,2,Between 11 and 20 years,Others
113000,2076,2,More than 20 years,Others
75200,975,2,Between 11 and 20 years,Others
75400,1088,2,Between 11 and 20 years,Others
77400,1088,2,Between 11 and 20 years,Others
78900,1088,2,Between 11 and 20 years,Others
79900,1088,2,Between 11 and 20 years,Others
132670,1855,2,Up to 5 years,Others
207100,1817,2,Up to 5 years,Others
75200,975,2,Between 11 and 20 years,Others
77900,1108,2,Between 11 and 20 years,Others
77900,1108,2,Between 11 and 20 years,Others
77900,1108,2,Between 11 and 20 years,Others
175000,2725,3,Up to 5 years,Others
136000,2265,3,More than 20 years,Others
105900,1446,3,More than 20 years,Others
106000,2163,3,More than 20 years,Others
121000,1714,3,Between 11 and 20 years,Others
112000,1811,3,Between 11 and 20 years,Others
225000,2591,3,Between 11 and 20 years,Others
138000,2298,3,Between 6 and 10 years,Others
141900,2082,3,Up to 5 years,Others
152500,2010,3,Up to 5 years,Others
107000,1705,3,Up to 5 years,Others
127500,1478,3,More than 20 years,Others
159900,2182,3,Up to 5 years,Others
340000,3631,3,Between 11 and 20 years,Others
170000,2244,3,Between 6 and 10 years,Others
245500,3953,4,Up to 5 years,Others
330000,3648,3,Between 11 and 20 years,French
225000,2450,3,Between 6 and 10 years,French
140000,2099,3,Between 6 and 10 years,French
168750,2298,3,Up to 5 years,French
213500,2815,3,Up to 5 years,French
182500,2500,3,Up to 5 years,French
206900,2694,3,Up to 5 years,French
229900,2706,3,Up to 5 years,French
236000,2537,3,Up to 5 years,French
214000,1923,3,Up to 5 years,French
212000,2109,3,Up to 5 years,French
196900,3018,3,Up to 5 years,French
147000,2124,3,Up to 5 years,French
226900,3498,3,Up to 5 years,French
155000,2290,3,Up to 5 years,French
134000,2428,3,Up to 5 years,French
146280,2370,3,Up to 5 years,French
204200,2505,3,Up to 5 years,French
176900,1833,3,Up to 5 years,French
152000,2304,3,Up to 5 years,French
142500,2171,3,Up to 5 years,French
167900,2370,3,Up to 5 years,French
135900,2137,3,Up to 5 years,French
169500,2482,3,Up to 5 years,French
140700,2205,3,Up to 5 years,French
143100,2214,3,Up to 5 years,French
154950,2579,3,Up to 5 years,French
170000,2482,3,Up to 5 years,French
169900,2667,3,Up to 5 years,French
170650,2536,3,Up to 5 years,French
182700,2527,3,Up to 5 years,French
130700,1924,3,Up to 5 years,French
160000,2081,3,Between 6 and 10 years,French
106000,1557,3,Between 6 and 10 years,French
203900,2887,3,Between 6 and 10 years,French
299900,2982,3,Up to 5 years,French
124000,1870,3,Up to 5 years,French
161900,1643,3,Up to 5 years,French
215000,1947,3,Up to 5 years,French
130000,1894,3,Up to 5 years,French
307000,4341,4,Between 11 and 20 years,French
239900,3400,4,Between 6 and 10 years,French
236500,3465,4,Between 6 and 10 years,French
128800,1498,4,Between 6 and 10 years,French
375500,3841,4,Up to 5 years,French
249900,2949,4,Up to 5 years,French
228000,3005,4,Up to 5 years,French
257000,3415,4,Up to 5 years,French
268600,3327,4,Up to 5 years,French
167000,2329,4,Up to 5 years,French
220000,2564,4,Up to 5 years,French
875000,5390,4,Up to 5 years,French
198000,2932,4,Up to 5 years,French
160500,2305,4,Up to 5 years,French
209900,2879,4,Up to 5 years,French
315000,3200,4,Up to 5 years,French
284000,3558,4,Up to 5 years,French
1575000,7897,4,Up to 5 years,French
205500,2947,4,Up to 5 years,French
181000,2616,4,Up to 5 years,French
239900,2825,4,Up to 5 years,French
267300,3481,4,Up to 5 years,French
182000,2777,4,Up to 5 years,French
187900,2768,4,Up to 5 years,French
198000,2579,4,Up to 5 years,French
201700,2856,4,Up to 5 years,French
216000,2847,4,Up to 5 years,French
197800,2926,4,Up to 5 years,French
369250,4075,4,Up to 5 years,French
338500,3777,4,Up to 5 years,French
272000,3366,4,Up to 5 years,French
235500,2970,4,Between 11 and 20 years,French
260000,3321,4,Up to 5 years,French
445500,4559,4,Up to 5 years,French
479900,4281,4,Up to 5 years,French
286000,3159,4,Up to 5 years,French
291000,3304,4,Up to 5 years,French
290000,3125,4,Between 6 and 10 years,French
244500,2937,4,Up to 5 years,French
360000,4605,4,Up to 5 years,French
245900,2540,4,Up to 5 years,French
195000,2851,4,Between 6 and 10 years,French
250000,3057,4,Up to 5 years,French
239900,3538,4,Between 6 and 10 years,French
277900,3840,4,Up to 5 years,French
222198,2394,4,Up to 5 years,French
248840,2820,4,Up to 5 years,French
270000,4561,4,Between 6 and 10 years,French
418880,4146,4,Up to 5 years,French
228900,4062,4,Up to 5 years,French
1580000,7640,5,Between 11 and 20 years,French
380000,4327,5,Up to 5 years,French
430000,4625,5,Up to 5 years,French
382000,3942,5,Up to 5 years,French
228500,2737,5,Up to 5 years,French
300000,3611,5,Up to 5 years,French
280544,3405,5,Up to 5 years,French
135000,1277,1,More than 20 years,Cottage
119600,1239,2,More than 20 years,Cottage
128500,1267,2,More than 20 years,Cottage
100000,1500,2,More than 20 years,Cottage
57000,825,2,More than 20 years,Cottage
40001,2334,2,More than 20 years,Cottage
116500,1742,2,More than 20 years,Cottage
230777,2400,2,More than 20 years,Cottage
120000,1955,2,More than 20 years,Cottage
114000,1297,2,More than 20 years,Cottage
119900,1152,2,More than 20 years,Cottage
135000,1189,2,More than 20 years,Cottage
51900,1268,2,More than 20 years,Cottage
53000,1139,2,More than 20 years,Cottage
27000,1008,2,More than 20 years,Cottage
43500,1363,2,More than 20 years,Cottage
50000,735,2,More than 20 years,Cottage
32500,1618,2,More than 20 years,Cottage
52500,1425,2,More than 20 years,Cottage
61000,1392,2,More than 20 years,Cottage
60000,1163,2,More than 20 years,Cottage
24000,838,2,More than 20 years,Cottage
125000,2451,3,More than 20 years,Cottage
159000,1918,3,More than 20 years,Cottage
120000,2056,3,More than 20 years,Cottage
30000,1305,3,More than 20 years,Cottage
93700,2069,3,More than 20 years,Cottage
63500,1488,3,More than 20 years,Cottage
127000,1931,3,Between 11 and 20 years,Cottage
131000,2330,3,Between 6 and 10 years,Cottage
119900,1587,3,Between 6 and 10 years,Cottage
83500,1442,3,Between 6 and 10 years,Cottage
101500,1615,3,Up to 5 years,Cottage
84000,1040,3,Up to 5 years,Cottage
159900,1722,3,Up to 5 years,Cottage
156700,1722,3,Up to 5 years,Cottage
124000,2195,3,More than 20 years,Cottage
72500,1582,3,More than 20 years,Cottage
85000,1379,3,More than 20 years,Cottage
237000,2629,3,More than 20 years,Cottage
236500,2751,3,More than 20 years,Cottage
180000,1537,3,More than 20 years,Cottage
175000,2445,3,More than 20 years,Cottage
135000,2379,3,More than 20 years,Cottage
149000,2107,3,More than 20 years,Cottage
150000,2000,3,More than 20 years,Cottage
161000,1380,3,More than 20 years,Cottage
172500,1472,3,More than 20 years,Cottage
71500,1765,3,More than 20 years,Cottage
69000,1364,3,More than 20 years,Cottage
130400,1688,3,More than 20 years,Cottage
150000,2248,3,More than 20 years,Cottage
255000,3074,3,Between 6 and 10 years,Cottage
169000,2314,3,More than 20 years,Cottage
124000,2136,3,More than 20 years,Cottage
30000,1241,3,More than 20 years,Cottage
74900,1710,3,More than 20 years,Cottage
94900,1420,3,Up to 5 years,Cottage
72000,1175,3,More than 20 years,Cottage
81500,1119,3,More than 20 years,Cottage
35500,1385,3,More than 20 years,Cottage
84000,1631,4,Up to 5 years,Cottage
129000,3128,4,More than 20 years,Cottage
401000,5017,4,More than 20 years,Cottage
125000,3096,4,Between 11 and 20 years,Cottage
290000,1844,4,More than 20 years,Cottage
38300,1488,4,More than 20 years,Cottage
59000,1744,4,More than 20 years,Cottage
145000,1196,2,Up to 5 years,Contemporary
140000,1400,2,Up to 5 years,Contemporary
155000,1196,2,Up to 5 years,Contemporary
155000,1400,2,Up to 5 years,Contemporary
155000,1196,2,Up to 5 years,Contemporary
160000,1400,2,Up to 5 years,Contemporary
160000,1196,2,Up to 5 years,Contemporary
332000,3670,3,More than 20 years,Contemporary
129900,2870,3,More than 20 years,Contemporary
120000,2433,3,More than 20 years,Contemporary
119900,2363,3,More than 20 years,Contemporary
154000,3250,3,More than 20 years,Contemporary
132000,1907,3,More than 20 years,Contemporary
145000,2529,3,More than 20 years,Contemporary
156000,2495,3,More than 20 years,Contemporary
96000,1582,3,Between 6 and 10 years,Contemporary
99000,1491,3,Up to 5 years,Contemporary
132000,2013,3,Up to 5 years,Contemporary
118900,1719,3,Up to 5 years,Contemporary
182000,2911,3,Up to 5 years,Contemporary
150900,1949,3,Up to 5 years,Contemporary
147000,2236,3,Up to 5 years,Contemporary
158000,2205,3,Up to 5 years,Contemporary
174900,2312,3,Up to 5 years,Contemporary
233500,3166,3,More than 20 years,Contemporary
220000,3380,3,Between 11 and 20 years,Contemporary
133000,2886,3,More than 20 years,Contemporary
105800,2786,3,More than 20 years,Contemporary
109000,1608,3,More than 20 years,Contemporary
185000,2097,3,Between 11 and 20 years,Contemporary
31000,1293,3,More than 20 years,Contemporary
103000,1960,3,More than 20 years,Contemporary
90500,1628,3,More than 20 years,Contemporary
133000,1934,3,Up to 5 years,Contemporary
101900,1892,3,More than 20 years,Contemporary
82725,1062,3,Up to 5 years,Contemporary
181600,3309,4,Between 6 and 10 years,Contemporary
115500,2903,4,More than 20 years,Contemporary
177500,3070,4,More than 20 years,Contemporary
179900,3430,4,More than 20 years,Contemporary
48000,720,1,More than 20 years,Others
152500,1320,20,Up to 5 years,Others
64900,1033,2,More than 20 years,Others
113857,2057,3,More than 20 years,Others
161000,2704,3,Between 6 and 10 years,Others
129500,2246,3,Up to 5 years,Others
228000,3737,3,Up to 5 years,Others
113000,2800,3,More than 20 years,Others
141000,2276,3,Between 6 and 10 years,Others
132000,2616,3,More than 20 years,Others
95000,1826,3,More than 20 years,Others
25000,1579,3,More than 20 years,Others
205900,3460,4,Between 6 and 10 years,Others
240000,2505,4,Between 6 and 10 years,Others
66000,3580,4,More than 20 years,Others
1260000,7249,5,More than 20 years,Others
295000,7790,5,Between 11 and 20 years,Others
575000,5956,5,Between 6 and 10 years,Others
1400000,6397,5,Between 6 and 10 years,Others
89900,1712,2,Between 11 and 20 years,Others
41000,1296,2,More than 20 years,Others
34000,662,2,More than 20 years,Others
112500,1836,3,More than 20 years,Others
124600,1956,3,More than 20 years,Others
116500,2297,3,More than 20 years,Others
136000,2791,3,Between 11 and 20 years,Others
117000,1994,3,More than 20 years,Others
150000,2562,3,Between 11 and 20 years,Others
118000,2492,3,Between 11 and 20 years,Others
124000,1912,3,Between 11 and 20 years,Others
130000,2172,3,Between 11 and 20 years,Others
120000,1684,3,Between 11 and 20 years,Others
311000,3955,3,Between 11 and 20 years,Others
124500,2255,3,Between 11 and 20 years,Others
125000,2238,3,Between 11 and 20 years,Others
108000,2418,3,Between 11 and 20 years,Others
122000,2315,3,Between 11 and 20 years,Others
177500,3020,3,Between 11 and 20 years,Others
142500,2693,3,Between 6 and 10 years,Others
168000,2985,3,Between 6 and 10 years,Others
266900,5140,3,Between 6 and 10 years,Others
235000,3964,3,Between 6 and 10 years,Others
108900,1755,3,Between 6 and 10 years,Others
114500,1874,3,Between 6 and 10 years,Others
115000,1998,3,Up to 5,Others
105000,1724,3,Up to 5 years,Others
108000,1681,3,Up to 5 years,Others
125000,2092,3,Up to 5 years,Others
104000,1514,3,Up to 5 years,Others
105900,1655,3,Up to 5 years,Others
112900,1272,3,Up to 5 years,Others
96000,1640,3,Up to 5 years,Others
165000,3251,3,Up to 5 years,Others
114900,1918,3,Up to 5,Others
160000,2410,3,Up to 5 years,Others
195000,3348,3,Up to 5 years,Others
105000,1962,3,Between 11 and 20 years,Others
122900,2570,3,Between 11 and 20 years,Others
123000,1484,3,Between 11 and 20 years,Others
119000,2095,3,More than 20 years,Others
150000,2680,3,More than 20 years,Others
129000,1907,3,More than 20 years,Others
177000,2875,3,More than 20 years,Others
143500,2168,3,Between 11 and 20 years,Others
288500,2660,3,More than 20 years,Others
104000,1488,3,More than 20 years,Others
160000,2766,3,More than 20 years,Others
162000,1949,3,More than 20 years,Others
31900,1993,3,More than 20 years,Others
114900,3195,3,More than 20 years,Others
126000,1404,3,Up to 5 years,Others
142500,2212,3,Up to 5 years,Others
52000,960,33,More than 20,Others
184000,2028,3,Between 6 and 10 years,Others
105000,1368,3,Up to 5 years,Others
111000,1487,3,Between 11 and 20 years,Others
88500,1317,3,Between 6 and 10 years,Others
172000,2603,3,Between 6 and 10 years,Others
127820,2019,3,Up to 5 years,Others
82000,1256,3,Between 6 and 10 years,Others
118650,1666,3,Between 11 and 20 years,Others
130000,2905,3,More than 20 years,Others
80500,1334,3,More than 20 years,Others
170000,3112,3,Between 11 and 20 years,Others
92000,1350,3,Between 6 and 10 years,Others
118000,2042,3,Up to 5 years,Others
179900,3476,4,More than 20 years,Others
152400,2534,4,More than 20 years,Others
161500,2936,4,More than 20 years,Others
332694,4988,4,Between 11 and 20 years,Others
435000,3046,4,Between 11 and 20 years,Others
138000,2630,4,Between 11 and 20 years,Others
193000,3086,4,Between 6 and 10 years,Others
162750,3657,4,Between 6 and 10 years,Others
210000,3069,4,Between 6 and 10 years,Others
227500,3147,4,Between 6 and 10 years,Others
190000,2635,4,Between 6 and 10 years,Others
323000,4497,4,Between 6 and 10 years,Others
320000,4411,4,Up to 5 years,Others
245000,3002,4,Up to 5 years,Others
215000,4919,4,Up to 5 years,Others
219000,4805,4,More than 20 years,Others
158500,3213,4,More than 20 years,Others
146000,3947,4,More than 20 years,Others
254250,4222,4,More than 20 years,Others
185000,3479,4,More than 20 years,Others
139900,3573,4,Between 11 and 20 years,Others
344900,3990,4,Between 11 and 20 years,Others
51000,1744,4,More than 20 years,Others
320000,4500,4,Between 11 and 20 years,Others
164000,2456,4,Between 6 and 10 years,Others
295000,3729,4,Between 6 and 10 years,Others
152000,1588,4,Up to 5 years,Others
195900,4000,4,Between 6 and 10 years,Others
202500,2650,4,Between 6 and 10 years,Others
152000,3143,4,More than 20 years,Others
149000,2967,4,Between 11 and 20 years,Others
195000,4110,4,More than 20 years,Others
172600,3594,4,Between 11 and 20 years,Others
122570,2853,5,More than 20 years,Others
185000,4599,5,Between 11 and 20 years,Others
1280000,7086,5,Between 11 and 20 years,Others
123808,3148,5,More than 20 years,Others
374000,6203,7,More than 20 years,Others
